<?xml version="1.0" encoding="UTF-8"?><rss version="2.0"
	xmlns:content="http://purl.org/rss/1.0/modules/content/"
	xmlns:wfw="http://wellformedweb.org/CommentAPI/"
	xmlns:dc="http://purl.org/dc/elements/1.1/"
	xmlns:atom="http://www.w3.org/2005/Atom"
	xmlns:sy="http://purl.org/rss/1.0/modules/syndication/"
	xmlns:slash="http://purl.org/rss/1.0/modules/slash/"
	>

<channel>
	<title>metal house</title>
	<atom:link href="/feed/" rel="self" type="application/rss+xml" />
	<link></link>
	<description></description>
	<lastBuildDate>Sun, 24 Mar 2024 14:42:31 +0000</lastBuildDate>
	<language>en-US</language>
	<sy:updatePeriod>
	hourly	</sy:updatePeriod>
	<sy:updateFrequency>
	1	</sy:updateFrequency>
	<generator>https://wordpress.org/?v=6.4.3</generator>
	<item>
		<title>Carbon Powder</title>
		<link>/carbon-powder/</link>
					<comments>/carbon-powder/#respond</comments>
		
		<dc:creator><![CDATA[aditya]]></dc:creator>
		<pubDate>Sun, 24 Mar 2024 14:42:31 +0000</pubDate>
				<category><![CDATA[Uncategorized]]></category>
		<guid isPermaLink="false">/?p=1186</guid>

					<description><![CDATA[Get best deals on Carbon Powder and get the deliveries from locations close to you.]]></description>
										<content:encoded><![CDATA[
<p>Get best deals on Carbon Powder and get the deliveries from locations close to you. </p>
]]></content:encoded>
					
					<wfw:commentRss>/carbon-powder/feed/</wfw:commentRss>
			<slash:comments>0</slash:comments>
		
		
			</item>
		<item>
		<title>HMS 1/2/3</title>
		<link>/hms-1-2-3/</link>
					<comments>/hms-1-2-3/#respond</comments>
		
		<dc:creator><![CDATA[aditya]]></dc:creator>
		<pubDate>Sun, 24 Mar 2024 14:38:58 +0000</pubDate>
				<category><![CDATA[Uncategorized]]></category>
		<guid isPermaLink="false">/?p=1183</guid>

					<description><![CDATA[Get deals on HMS scrap of all grades from locations near you.]]></description>
										<content:encoded><![CDATA[
<p>Get deals on HMS scrap of all grades from locations near you. </p>
]]></content:encoded>
					
					<wfw:commentRss>/hms-1-2-3/feed/</wfw:commentRss>
			<slash:comments>0</slash:comments>
		
		
			</item>
		<item>
		<title>Copper</title>
		<link>/copper/</link>
					<comments>/copper/#respond</comments>
		
		<dc:creator><![CDATA[aditya]]></dc:creator>
		<pubDate>Sun, 24 Mar 2024 14:13:10 +0000</pubDate>
				<category><![CDATA[Uncategorized]]></category>
		<guid isPermaLink="false">/?p=1180</guid>

					<description><![CDATA[Procure the best deals on copper. Get all grades at unbelievable prices.]]></description>
										<content:encoded><![CDATA[
<p>Procure the best deals on copper. Get all grades at unbelievable prices.</p>
]]></content:encoded>
					
					<wfw:commentRss>/copper/feed/</wfw:commentRss>
			<slash:comments>0</slash:comments>
		
		
			</item>
		<item>
		<title>Imported Railway tracks &#8211; R/50 and R/65</title>
		<link>/imported-railway-tracks-r-50-and-r-65/</link>
					<comments>/imported-railway-tracks-r-50-and-r-65/#respond</comments>
		
		<dc:creator><![CDATA[aditya]]></dc:creator>
		<pubDate>Sun, 24 Mar 2024 14:10:15 +0000</pubDate>
				<category><![CDATA[Uncategorized]]></category>
		<guid isPermaLink="false">/?p=1176</guid>

					<description><![CDATA[We can provide you with imported railway tracks from Tanzania, Kenya and Saudi Arabia at unbelievable prices starting at just Rs 28000/tone. This deal requires buyer to have access to an LC and we take 0 advance for the deal. Other documentations involve ICPO, BCL and SPA. For more details contact any one of our [&#8230;]]]></description>
										<content:encoded><![CDATA[
<p>We can provide you with imported railway tracks from Tanzania, Kenya and Saudi Arabia at unbelievable prices starting at just Rs 28000/tone. This deal requires buyer to have access to an LC and we take 0 advance for the deal. Other documentations involve ICPO, BCL and SPA. For more details contact any one of our teams leads whose contacts have been displayed on the website.</p>
]]></content:encoded>
					
					<wfw:commentRss>/imported-railway-tracks-r-50-and-r-65/feed/</wfw:commentRss>
			<slash:comments>0</slash:comments>
		
		
			</item>
		<item>
		<title>Hello world!</title>
		<link>/hello-world/</link>
					<comments>/hello-world/#comments</comments>
		
		<dc:creator><![CDATA[aditya]]></dc:creator>
		<pubDate>Sun, 24 Mar 2024 13:22:10 +0000</pubDate>
				<category><![CDATA[Uncategorized]]></category>
		<guid isPermaLink="false">/?p=1</guid>

					<description><![CDATA[Welcome to WordPress. This is your first post. Edit or delete it, then start writing!]]></description>
										<content:encoded><![CDATA[
<p>Welcome to WordPress. This is your first post. Edit or delete it, then start writing!</p>
]]></content:encoded>
					
					<wfw:commentRss>/hello-world/feed/</wfw:commentRss>
			<slash:comments>1</slash:comments>
		
		
			</item>
	</channel>
</rss>
